query,doc1,doc2,doc3,doc4,doc5
neural network architectures for sentiment analysis,1,2,3,4,5
embeddings for information retrieval,6,7,8,9,10
few shot prompting techniques for large language models,11,12,13,14,15
information extraction with large language models,16,17,18,19,20
implicit hate speech detection,21,22,23,24,25
domain adaptation in named entity recognition,26,27,28,29,30
open-domain dialogue systems,31,32,33,34,35
question answering systems,36,37,38,39,40
bias and fairness considerations,41,42,43,44,45
controllable text generation,40,46,47,48,49
retrieval augmented generation framework,50,51,52,53,54
ethical analysis of large language models,55,56,57,58,59
knowledge bases and structured learning for interpretable search,60,61,62,63,64
automatic evaluation methods for text generation,65,66,67,68,69
visually-rich document information extraction,70,71,72,73,74
correction-focused language model training,75,76,77,78,79
linguistic annotation,80,81,82,83,84
multilingual speech understanding,85,86,87,88,89
machine generated text detection ,90,91,92,93,94
question-answering benchmarking,95,96,97,98,99
semantic parsing for question answering systems,,,,,
